count	gene	allele	rsid
3	ADH1B	1	rs1229984
5	ADH1B	2	rs1229984
2	ADH1B	3	rs2066702
2	ADH1C	1	rs698
1	AKR1C3	2	rs12529
9	ALDH2	2	rs671
1	APOE	2	rs7412
1	APOE	4	rs429358
5	CYP1A1	2A	rs4646903
3	CYP1A1	2C	rs1048943
1	CYP1A2	3	rs56276455
1	CYP1A2	4	rs72547516
1	CYP1A2	6	rs28399424
6	CYP1A2	1C	rs2069514
14	CYP1A2	1F	rs762551
1	CYP1B1	3	rs1056836
1	CYP1B1	4	rs1800440
3	CYP2A6	2	rs1801272
2	CYP2A6	9	rs28399433
4	CYP2A6	17	rs28399454
2	CYP2A6	9B	rs8192726
5	CYP2B6	4	rs2279343
2	CYP2B6	5	rs3211371
4	CYP2B6	9	rs3745274
1	CYP2B6	18	rs28399499
2	CYP2B6	1B	rs7254579
98	CYP2C19	2	rs4244285
36	CYP2C19	3	rs4986893
6	CYP2C19	4	rs28399504
5	CYP2C19	5	rs56337013
2	CYP2C19	6	rs72552267
2	CYP2C19	7	rs72558186
3	CYP2C19	8	rs41291556
37	CYP2C19	17	rs12248560
1	CYP2C19	35	rs12769205
1	CYP2C8	2	rs11572103
3	CYP2C8	3	rs10509681
4	CYP2C8	4	rs1058930
70	CYP2C9	2	rs1799853
85	CYP2C9	3	rs1057910
4	CYP2C9	5	rs28371686
3	CYP2C9	6	rs9332131
1	CYP2C9	7	rs67807361
1	CYP2C9	9	rs2256871
3	CYP2C9	11	rs28371685
2	CYP2C9	12	rs9332239
1	CYP2C9	13	rs72558187
3	CYP2C9	14	rs72558189
2	CYP2D6	2	rs16947
2	CYP2D6	3	rs35742686
12	CYP2D6	4	rs3892097
1	CYP2D6	6	rs5030655
12	CYP2D6	10	rs1065852
1	CYP2D6	14	rs5030865
1	CYP2D6	17	rs28371706
1	CYP2D6	30	rs72549356
1	CYP2D6	39	rs1135840
5	CYP2D6	41	rs28371725
1	CYP2D6	1D	rs28371718
1	CYP2D6	2A	rs1080985
1	CYP2D6	4C	rs3892097
1	CYP2D6	4K	rs67780109
1	CYP2E1	2	rs72559710
1	CYP2E1	5	rs2031920
2	CYP2E1	6	rs6413432
1	CYP2E1	7	rs2070673
2	CYP2E1	B5	rs2031920
2	CYP2J2	7	rs890293
2	CYP3A4	1	rs2740574
1	CYP3A4	4	rs55951658
1	CYP3A4	16	rs12721627
1	CYP3A4	17	rs4987161
2	CYP3A4	18	rs28371759
2	CYP3A4	20	rs67666821
31	CYP3A4	22	rs35599367
1	CYP3A4	18B	rs2242480
23	CYP3A4	1B	rs2740574
8	CYP3A4	1G	rs2242480
6	CYP3A5	1	rs776746
59	CYP3A5	3	rs776746
15	CYP3A5	6	rs10264272
12	CYP3A5	7	rs41303343
2	CYP3A5	1D	rs15524
2	CYP3A5	3C	rs776746
1	CYP3A7	1E	rs28451617
6	CYP4F2	3	rs2108622
3	DPYD	5	rs1801159
1	DPYD	7	rs72549309
1	DPYD	8	rs1801266
1	DPYD	10	rs1801268
4	DPYD	2A	rs3918290
1	DPYD	9A	rs1801265
1	DPYD	9B	rs1801267
1	FMO2	1	rs6661174
1	GSTP1	2	rs1695
1	MICA	8	rs67841474
3	NAT1	10	rs1057126
1	NAT1	11	rs72554666
4	NAT2	5	rs1801280
5	NAT2	6	rs1799930
2	NAT2	7	rs1799931
1	NAT2	13	rs1208
1	NAT2	14	rs1801279
1	NAT2	5B	rs1801280
1	NAT2	6A	rs1799930
5	NQO1	2	rs1800566
4	POR	28	rs1057868
13	SLCO1B1	5	rs4149056
1	SLCO1B1	1B	rs2306283
1	SULT1A1	2	rs9282861
3	TGFBR1	6A	rs11466445
3	TPMT	2	rs1800462
2	TPMT	3A	rs1800460
1	TPMT	3B	rs1800460
6	TPMT	3C	rs1142345
3	UGT1A1	6	rs4148323
14	UGT1A1	28	rs8175347
2	UGT1A1	60	rs4124874
4	UGT1A1	93	rs10929302
1	UGT1A3	3	rs3821242
1	UGT1A6	2	rs2070959
1	UGT1A6	5	rs2070959
1	UGT1A7	4	rs11692021
1	UGT2B10	2	rs61750900
2	UGT2B15	2	rs1902023
2	UGT2B7	2	rs7439366
1	UGT2B7	3	rs12233719
1	UGT2B7	1c	rs28365062
1	VKORC1	2	rs9923231
1	VKORC1	4	rs17708472
1	XRCC1	10	rs25487
1	ZFP36	2	rs251864
1	ZFP36	8	rs3746083
